"Nommez deux des trois pays qui se partagent l'île de Bornéo, en Asie du Sud-est.",l’Indonésie et/ou la Malaisie et/ou le Brunéi
"Quel pays d’Amérique du Sud possède deux capitales, soit Sucre et La Paz?",la Bolivie
Quelle langue issue du néerlandais est notamment parlée en Afrique du Sud et en Namibie et porte un nom signifiant littéralement « africain »?,l’afrikaans
"Quel pays, le moins densément peuplé du monde, a Oulan-Bator pour capitale?",la Mongolie
"Sur quelle île canadienne, la plus grande de sa province, retrouve-t-on les villes de Nanaimo, de Port Alberni et de Victoria?",l’île de Vancouver
Quel scientifique obtint un prix Nobel de physique en 1921 pour sa découverte de l’effet photoélectrique?,Albert Einstein
Quel vulgarisateur scientifique québécois animait Le Sel de la semaine sur les ondes de Radio-Canada dans les années 1960?,Fernand Seguin
"Quelle science vaste étudie les nébuleuses, les satellites et les corps célestes en général?",l’astronomie
"Sur quel organe de la plante retrouve-t-on les anthères, lesquels produisent et renferment le pollen?",sur les étamines
Quel poisson a très peu évolué depuis son apparition il y a 350 millions d'années et ressemble donc aux ancêtres aquatiques des vertébrés terrestres?,le cœlacanthe
"Quels homonymes désignent deux instruments de musique à cordes pincées, l’un issu du folklore autrichien et l’autre du Nord de l’Inde?",la cithare ou le sitar
"À quel groupe rock doit-on l'album Rumours, contenant des succès comme Dreams et Go Your Own Way?",Fleetwood Mac
"À quel compositeur conjoint de George Sand doit-on plusieurs sonates, mazurkas et préludes?",Frédéric Chopin
"Quel compositeur, l’un des préférés d’Adolf Hitler, nous a laissé Das Rheingold, Die Walküre, Siegfried et Götterdämmerung, ces quatres œuvres faisant partie de sa tétralogie Der Ring des Nibelungen, ou L’Anneau du Nibelung, en français?",Richard Wagner
"Qui a lancé en 2017 les chansons … Ready for it? et Look What You Made Me Do, toutes les deux sur son album Reputation?",Taylor Swift
Quel premier roi normand d’Angleterre vainquit Harold II en 1066 à la bataille d’Hastings?,Guillaume Ier le Conquérant ou William I the Conqueror ou
"De quelle civilisation Túpac Amaru, Huayna Capac et Atahualpa ont-ils été des dirigeants importants?",la civilisation inca ou les Incas
Que surnomme-t-on parfois au Québec la « castonguette » en l’honneur de Claude Castonguay qui l’a instaurée alors qu’il était Ministre de la Santé au Québec?,la carte d’assurance-maladie ou le régime d’assurance-maladie
Comment a-t-on nommé la paix proclamée lors de la signature d'un traité réunissant 39 nations autochtones du Nord-Est américain et les autorités coloniales françaises en 1701?,Grande Paix de Montréal
"Quel pays sortit perdant des deux guerres de l’opium l’opposant aux britanniques, ce qui l’obligea à autoriser sur son territoire le commerce de l’opium financé par la banque HSBC?",la Chine
"Quelle impressionnante œuvre architecturale aurait, selon les estimations d'historiens, détenu le titre de plus haute structure au monde de l’an 2570 avant notre ère jusqu’à la construction de la Lincoln Cathedral en 1311?",la pyramide de Khéops ou la grande pyramide de Gizeh
Quels animaux étaient surtout peints par le peintre français né à Saint-Domingue Jean-Jacques Audubon?,les oiseaux
"Quel photographe français, pionnier du photojournalisme, fonda avec Robert Capa, David Seymour, William Vandivert et George Rodger l’agence Magnum Photos?",Henri Cartier-Bresson
À quel artiste suisse devons-nous plusieurs sculptures nommées L’homme qui marche?,à Alberto Giacometti
"Faisant référence à un matériau artistique, quel mot désigne les teintes et les tons de couleurs doux et clairs?",les pastels
Dans quelle ville américaine se sont déroulés les Jeux olympiques d'été de 1932 et de 1984 et se dérouleront ceux de 2028?,Los Angeles
Quel pays remporta dans son propre pays la première Coupe du monde de soccer en 1930?,l'Uruguay
"Au tennis, quel pointage est attribué à un joueur qui remporte le premier échange d’un jeu?",15
"Dans la NBA, quel nom donne-t-on à la situation dans laquelle une équipe a accumulé 5 fautes, chaque faute subséquente résultant en un ou des lancers francs?",la situation de bonus ou de penalty ou de pénalité
"Quel nom porte en géométrie le rayon du cercle inscrit à un polygone régulier, lequel constitue donc un segment reliant le centre du polygone au milieu d’un de ses côtés?",l’apothème
À quel général chinois attribue-t-on le traité militaire du 6e siècle avant notre ère nommé L’Art de la guerre?,Sun Tzu
"Quel poète maudit du XIXe siècle publia les recueils Poèmes saturniens et Les fêtes galantes, puis passa quelques années en prison après avoir blessé celui qu’il appelait son « époux infernal », Arthur Rimbaud?",Paul VERLAINE
Nommez un des auteurs des bandes dessinés Les Nombrils.,Dubuc ou Delaf
"Quelle œuvre critiquant le racisme historiquement subi par les francophones au Canada fut enregistrée lors de la Nuit de la poésie de 1970, mais écrite deux ans plus tôt par Michèle Lalonde?",Speak White
"Comment appelle-t-on un poème de forme régulière, composé de trois couplets ou plus, avec un refrain et un envoi ?",la ballade
"Quel acteur chinois de films d’arts-martiaux a-t-on récemment pu voir dans le film The Foreigner, mais a également tenu la vedette dans le remake de Karate Kid et dans la série de films Rush Hour?",Jackie Chan
"Quelle troupe d’humoristes britanniques sont à l’origine des films Life of Brian, The Meaning of Life et The Holy Grail?",Monty Python
"Qui réalisa de 2005 à 2012 une trilogie de films de Batman ainsi que les films Dunkirk, Interstellar et Inception?",Christopher Nolan
"Quel est le seul pays à border la Mer Blanche, laquelle ne constitue qu’une petite partie de la mer de Barents, elle-même dans l’océan Arctique?",la Russie
Une convention de l’ONU entrée en vigueur le 26 juin 1987 interdit ce type de traitement généralement utilisé contre des prisonniers afin de les faire avouer un crime.,torture
Comment s'appelait l'épouse d'Adolf Hitler avec qui il se suicida en 1945?,Eva BRAUN
Quel acteur interprète Han Solo dans la série de films Star Wars?,Harrison FORD
Quel peintre romantique nous a laissé la toile La Liberté guidant le peuple?,Eugène Delacroix
Quelle est la ville la plus peuplée d’Alberta?,Calgary
Comment s'appelle le marteau de Thor dans la mythologie nordique ainsi que dans l’univers de Marvel?,Mjölnir
Quel physicien britannique a découvert le neutron en 1932?,James CHADWICK
Quelle lettre grecque correspond à notre lettre S de par sa prononciation?,sigma
"Quelle femme, la plus puissante au monde depuis 2011 selon le magazine Forbes, est l’actuelle chancelière allemande?",Angela Merkel
"Selon l'hymne national canadien, de quoi le front du Canada est-il ceint?",De fleurons glorieux
"Suite à une guerre contre quel pays les États-Unis ont-ils pris possession en 1898 de Guam, des Philippines et de Porto Rico?", L'Espagne
"En poésie, quel nom donne-t-on à un groupement organisé de vers pouvant comporter ou non des rimes et qui prend la forme d'un paragraphe?",Une strophe
Dans quelle ville canadienne se trouve le musée McCord ?,Montréal
Quel français est l'initiateur des Jeux Olympiques modernes?,Pierre de Coubertin
Quelle figure de style emploie Honoré de Balzac lorsqu’il désigne un « savant ignorant » ?,Oxymore
"Quel fruit rouge peut être désigné par le québécisme ""ataca"" ou  ""atoca"" ?",Canneberge
"Le 38e séparant la Corée du Nord de la Corée du Sud, comment appelle-t-on les cercles imaginaires reliant tous les lieux situés sur une même latitude?",Parallèles
"Quelle île, dont la capitale est Hobart, est située au sud de l'Australie?",Tasmanie
"Dans quel pays asiatique les villes de Madras, Bangalore et Kolkata sont-elles situées?",Inde
"Comment nomme-t-on l'ensemble des êtres vivants, mais aussi leurs milieux de vie sur Terre ?",Biosphère
Quelle réaction chimique permet d'obtenir de l'hydrogène à partir de l'eau?,Hydrolyse
"Chez les mammifères, quel organe relie l'embryon à l'utérus maternel durant la grossesse?",Placenta
Quels deux éléments du tableau périodique constituent principalement le noyau de la terre?,Fer et Nickel
À quel courant musical du 19e siècle associent-ont principalement le compositeur allemand Beethoven?,Le Romantisme (accepter musique romantique ou romantique)
"Signifiant ‘jeune enfant’, quel surnom a-t-on donné à Édith Piaf?",La Môme
"Quel nom donne-t-on aux neuf filles de Zeus et de Mnémosyne, comme Calliope, Uranie ou Thalie, qui représentent toutes un domaine du savoir?", R. : Les muses
"Quel symbole du dieu Hermès, aujourd’hui utilisé par les pharmaciens, est composé d’une baguette de laurier surmontée de deux ailes et de deux serpents", R. : Caducée
Dans quel genre d’établissement culturel se trouve Abraham Lincoln alors qu’il est assassiné par John Wilkes Booth?, Théâtre
"En 1970, quel général chilien renverse le président Salvador Allende et instaure une dictature qui durera jusqu'en 1990?", Augusto PINOCHET
"Tel que relaté par Hérodote, contre quel empire oriental les cités de la Grèce antique livrèrent-elles deux guerres appelées « médiques » ?",Empire perse
En quelle année les femmes québécoises obtiennent-elles le droit de vote dans la province?,1940
"Au 14e siècle, quelle maladie décime une grande partie de la population européenne en l’espace de cinq ans?",La peste noire
"Quel président américain, en poste pendant la crise des missiles de Cuba, est assassiné à Dallas en 1963?",John F. Kennedy
"Classifié comme le « premier art », à quelle discipline sont associés Imhotep, Frank Gehry et Oscar Niemeyer",Architecture
Comment appelle-t-on l'affaiblissement progressif de l'intensité lumineuse et chromatique d'une teinte ou d'une couleur en passant  par tous les degrés de valeur intermédiaire?,Dégradé
"Dans quelle ville se trouve le Rijksmuseum, où sont exposées de nombreuses œuvres de Rembrandt, dont La Ronde de nuit ?",Amsterdam
À quel peintre impressionniste doit-on plusieurs toiles représentant des ballerines?,Edgar DEGAS
"Quel peintre automatiste québécois était le chef de file du mouvement, en plus d’avoir signé Le Refus Global?",Paul-Émile BORDUAS
Dans quelle ville française se tient annuellement une célèbre course d'automobile durant 24 heures?,Le Mans
"À quel artiste français, ayant terminé sa vie près de Tahiti, doit-on les œuvres L’esprit des morts veille et Le Christ Jaune?",Paul Gauguin
"Quel auteur belge est à l’origine des bandes-dessinées Benoit Brisefer, Johan et Pirlouit ainsi que Les Schtroumpfs?",PEYO (Pierre Culliford)
Quel écrivain français signe les Contes de Ma Mère L’oye?,Charles PERRAULT
"Dans quel roman d'Alexandre Dumas trouverez-vous la citation suivante : ""L'amour est une loterie où celui qui gagne, gagne la mort"" ?",Les Trois Mousquetaires
"À quelle écrivaine québécoise décédée en 2009 doit-on les oeuvres Putain, Folle et Burqa de chair ?",Nelly Arcand
"Aux échecs, comment se nomme le déplacement en un seul coup du roi et d'une tour?",Roque
"Dans la série de romans et de films Harry Potter, de quelle créature qui incarne les peurs de chacun peut-on se débarrasser avec le sort « ridikulus »?",Épouvantard ou Bogart
Quelle actrice française a remporté l'Oscar de la meilleure actrice  pour son rôle dans La Vie en rose avant de faire partie de la distribution des films Inception et The Dark Knight Rises ?,Marion Cotillard
Quel film de 2016 a permis à Emma Stone de remporter l’Oscar de   la meilleure actrice?,La La Land
À quel sculpteur français doit-on les œuvres La porte de l’enfer et    Le Baiser?,Auguste Rodin
Comment appelle-t-on le moment où le raisin est récolté?,Les vendanges
Quel compositeur né à Salzbourg en Autriche a composé l'opéra La Flûte enchantée?,Wolfgang Amadeus Mozart
"Quelle ville, dans laquelle on peut voir l’église de Saint-Olaf qui aurait autrefois été la plus haute structure au monde, est la capitale de l'Estonie?",Tallinn
"De quelle nation iroquoise font partie les habitants des réserves de Kanesatake et de Kahnawake, toutes deux à proximité de Montréal?",les Mohawks
"Quelle nation constitutive, dont la capitale est Cardiff, se situe directement à l'ouest de l'Angleterre?",Pays de Galles
"Dans quel état américain se situe Mauna Loa, la plus grande montagne au monde en termes de hauteur de la base au sommet?",à Hawaii
"Comment appelle-t-on la perception par l'oreille d'un bourdonnement, d’un sifflement ou de tout autre son qui n'est lié à aucune cause extérieure?",un acouphène
Quel nom donne-t-on aux sortes de forêts amphibies comprenant des plantes palustres telles que des palétuviers?,des mangroves
Quel gaz découvert et isolé par Alessandro Volta à partir des émanations du Lago Maggiore a pour formule chimique CH4?,le méthane
"Quel nom donne-t-on à un cyclone lorsqu'il se forme en Asie du Sud-Est, dans l'Océan Pacifique?",un typhon
Quelle femme remporta le prix Nobel de physique en 1903 conjointement avec Henri Becquerel et son mari?,Marie Curie
À quel compositeur russe doit-on l'opéra Boris Godounov ainsi que la pièce Une nuit sur le mont Chauve ?,Modest MOUSSORGSKI
À quel parolier doit-on les textes des comédies-musicales Starmania et Notre-Dame de Paris?,Luc Plamondon
Comment se nomme le trou situé au milieu d’un luth ou d’une guitare?,la rosace ou l’ouïe
Quel événement musical d'envergure ayant eu lieu sur la ferme de Max Yasgur a grandement influencé le mouvement hippie en 1969?,WOODSTOCK Music and Art Fair ou le Festival de Woodstock
Dans quel type de roches retrouve-t-on le plus souvent des fossiles?, R. : les roches sédimentaires
"À quel type de roches appartiennent les schistes, les gneiss et les marbres?", R. : aux roches métamorphiques
Quelle ville sud-américaine fut de 1808 à 1821 la capitale de l’Empire Portugais?",Rio de Janeiro
Quel archéologue britannique a découvert dans la Vallée des Rois en 1922 le tombeau du pharaon Toutankhamon?,Howard CARTER
"Quel fut le premier navigateur européen à contourner avec succès le Cap des Tempêtes, ce qui poussa le roi João II à donner au cap le nouveau nom de Cap de Bonne-Espérance?",Bartolomeu DIAS
"De quelle femme politique les derniers mots furent-ils « Pardonnez-moi, monsieur, je ne l’ai pas fait exprès. » après avoir marché sur le pied d’Henri Sanson, le bourreau qui allait la guillotiner quelques minutes plus tard?",Marie-Antoinette
Quel ministre québécois fut retrouvé mort dans un coffre de voiture pendant la crise d’octobre 1970?,Pierre LAPORTE
Quelle technique picturale notamment utilisée dans le postimpressionnisme consiste en peindre par petits points de couleur plutôt qu’en utilisant des teintes plates?,le pointillisme
De quel matériau sont principalement faites les sculptures présentées dans les musées Madame Tussauds et Grévin?,en cire
"Dans quel art est-il question d’obturateur, de posemètre et d’objectif?",en photographie ou en cinématographie ou cinéma
Aux déformations inquiétantes soumises à quelle partie du corps humain reconnait-on particulièrement les œuvres de Francis Bacon?,au visage ou à la tête (accepter les réponses semblables)
Quel artiste de la Renaissance italienne fut commissionné par le pape Jules II pour réaliser son tombeau ainsi qu’une fresque au plafond de la chapelle Sixtine?,Michel-Ange
"Dans les ligues majeures de baseball, quel nom porte l’équipe évoluant dans la ville d’Arlington, au Texas?",les Rangers du Texas
"En plongeon olympique, quelles sont les hauteurs du tremplin et de la plateforme?",3 mètres et 10 mètres
Quel trophée est remis au meilleur joueur du tournoi lors de la tenue de la Coupe du monde de soccer?,le Ballon d’Or
"Par quel nom français désigne-t-on plus souvent le phở, une soupe originaire du Viêt Nam?",soupe tonkinoise
Quelle fable de La Fontaine met en scène un arbre se rompant et une plante se pliant?,Le Chêne et le roseau
Quelle partie du corps est disproportionnée chez le personnage de Cléopâtre tel que dessiné par Albert Uderzo ainsi que chez le personnage de Cyrano tel que décrit par Edmond Rostand?,leur nez
Quel roman débutant par la phrase « Call me Ishmael » nous présente l’obsession du capitaine Achab à retrouver un cétacé blanc?,Moby-Dick
"Dans quelle pièce de théâtre de Michel Tremblay le personnage de Léopold se fâche-t-il contre Marie-Louise puisqu’elle a acheté du beurre de pinotte crunchy, lequel est plus cher que le crémeux?","À toi, pour toujours, ta Marie-Lou"
Quel comptable québécois animant sa propre émission sur Télé-Québec est l’auteur de En as-tu vraiment besoin?,Pierre-Yves MCSWEEN
Dans quelle comédie musicale américaine un gang d’immigrants portoricains est-il opposé à un gang de blancs dans une histoire tragique adaptée de Roméo et Juliette?,West Side Story
"De quel pays est issu le mouvement cinématographique de la Nouvelle Vague, dont Jean-Luc Godard et François Truffaut sont peut-être les membres les plus connus?",de la France
Quel personnage de la série The Big Bang Theory est au cœur d’une série dérivée le présentant alors qu’il était un enfant prodige?,Sheldon Cooper
Quel jeu nommé d'après un titre donné anciennement aux empereurs japonais est composé de 41 bâtonnets qu'il faut ramasser un à un sans toucher ou bouger les autres?,le mikado
Quel animal comestible et généralement apprêté à l’ail est élevé par un héliciculteur?,l’escargot
Les publicités de quelle compagnie de téléphonie cellulaire reconnait-on à leurs divers animaux généralement exotiques?,Telus
De quelle Allemande morte en 1945 un journal intime mondialement connu relate-t-il deux ans de sa vie alors qu’elle était cachée à Amsterdam?,Anne FRANK
Quel général dirigea l'Espagne en dictateur entre 1939 et 1975?,Francisco FRANCO
Quel golfe riche en pétrole est notamment bordé par le Koweit et les Émirats Arabes Unis ?,le Golfe Persique ou Arabique
"À quel âge Jim Morrison, Amy Winehouse et Kurt Cobain sont-ils morts?",à 27 ans
Quelle montagne dont le sommet est situé à 2 917 mètres d'altitude est la plus haute de la Grèce ?,Le mont Olympe
"Quel est le nom qu’on donne au vent froid qui souffle vers le sud de la France, particulièrement en Provence?",Le Mistral
"Comment appelle-t-on la région à l'extrême sud de l'Amérique, partagée entre le Chili et l’Argentine ?",La Patagonie
Quel fleuve américain arrosant entre autre la ville de New York  marque la frontière entre le New Jersey et l’état de New York?,Le Fleuve Hudson
Quelle devise monétaire est utilisée en Russie?,Rouble et kopeck
Quelle chaîne de montagnes marque traditionnellement la frontière entre l'Europe et l'Asie?,l’Oural ou le Caucase
Quelle maladie peut être prévenue grâce à un vaccin mis au point    par le docteur Salk en 1954?,La poliomyélite ou polio
Quel nom désigne un ion de charge positive?,Un cation
"Dans quel organe peut-on retrouver les néphrons, qui permettent la formation de l’urine?",Le Rein
De quelle famille d’élément font partie l’hélium et le xénon?,Les gaz rares ou gaz nobles
Quelle réaction se déroulant dans le coeur du Soleil produit son énergie?,Fusion nucléaire
À quel compositeur romantique autrichien doit-on plus de 500 lieder  en plus d’une version de l’Ave Maria?,Franz SCHUBERT
Quel chanteur portoricain chante avec Daddy Yankee et Justin Bieber la chanson « Despacito »?,Luis FONSI
"Dans quel instrument de musique se trouvent des étouffoirs, des  feutres et des marteaux?",Le piano
"Quel chanteur et acteur américain est décédé à Memphis, dans son manoir appelé Graceland?",Elvis PRESLEY
Dans quelle ville pourrez-vous visiter la maison d’opéra appelée Bolshoi?,Moscou
"Quel romancier anglais a écrit le roman sur lequel est basé le 13e classique d’animation de Disney, Alice in Wonderland (Alice au Pays des Merveilles) ?", R. : Lewis CARROL
Le film Steamboat Willie est le premier court-métrage mettant en vedette quel personnage phare de Disney?,  Mickey Mouse
La guerre entre les États-Unis et quel pays prend officiellement fin lors de la signature des Accords de Paris en 1973?,  Vietnam
"En 1701, quel traité est signé à Montréal pour tenter de mettre fin aux conflits entre la Nouvelle-France et les nations autochtones?",  La Grande Paix de Montréal
"Sur quel site athénien, centre religieux de la cité, peut-on trouver le Temple d’Athéna Niké et le Parthénon?",L'Acropole
D'après quel navigateur italien le continent américain est-il nommé?,Amerigo VESPUCCI
À quelle date – jour mois et année – la Première Guerre mondiale se termine officiellement?,11 novembre 1918
Au balcon de quel édifice Charles de Gaule déclare «Vive le Québec Libre!» en juillet 1967?,l’Hôtel de Ville de Montréal
Quel peuple colonisa le Brésil à partir des années 1500?,Portuguais et Portugal
À quel peintre de la Renaissance italienne doit-on la fresque L’École d’Athènes?,Raphael
Quel est le nom du procédé qui consiste à exécuter ou colorier un dessin avec de l'encre de Chine ou toute autre couleur délayée dans de l'eau.,Lavis
"Dans quelle ville européenne pouvez-vous visiter musée Joan Miro, le musée Picasso ainsi que le musée national d'art de Catalogne?",Barcelone
"Dans quel art est-il question de fisheye, de posemètre et d'objectif?",photographie
Quelle sculpture attribuée à Myron représente un athlète en action?,Le Discobole
En novembre 2017 qui devient le champion poids moyen de la Ultimate Fighting Championship?,Georges ST-PIERRE
"Dans la LNH, quel trophée récompense le joueur le plus utile en  saison régulière?",Trophée HART
"Dans les ligues majeures de Baseball, quelle équipe joue ses parties locales dans la ville de Baltimore?",les Orioles
Qui est le premier québécois à remporter une médaille olympique aux Jeux de 1904?,Étienne DESMARTEAU
Dans quelle ville de Norvège se sont déroulés les Jeux olympiques d'hiver de 1952?,Oslo
"Quel site web permet à ses utilisateurs d’apprendre gratuitement des langues, autant véritables que fictives, comme le Haut Valyrien?",Duolingo
Quelle série de jeu vidéo créée par Maxis permet aux joueurs de simuler la vie d’un personnage humain en répondant à ses besoins de base?,Sims
"Quel roman de Félix Leclerc, adapté au cinéma par son fils Francis en 2017, raconte l’enfance de l’auteur?",Pieds nus dans l’aube
Quelle femme politique signe en 2017 le livre « What Happened » ou « Ça  c’est passé comme ça »?,Hillary Rodham CLINTON
Quel roman d’Antoine de St-Exupéry suit un jeune garçon qui aimerait qu’on lui dessine un mouton?,Le Petit Prince
Quel roman d’Ernest Hemingway est inspiré de expérience de journaliste durant la guerre civile espagnol?,Pour qui sonne le glas ou For Whom The Bell Tolls
"Quel auteur signe en 2017 son plus récent roman « Turtles All The Way Down » ou « Tortue à l’infini, » qui met en scène une jeune fille souffrant de troubles obsessifs compulsifs?",John GREEN
"Quelle série originale de Netflix, créée par les frères Matt et Ross Duffer débute avec la disparition d’un jeune homme nommé Will Byers  après une partie de Donjon & Dragons?",Stranger Things
"Quel pain plat traditionnel de la méditerranée orientale est servi traditionnellement avec des gyros, du poulet ou des kebabs?",Pain pita
"Sorti en 2017, quel est le titre du troisième volet des aventures solo de Thor?",Ragnarok
Quelle marque française créée en 1933 a fait sa renommée grâce au polo orné d'un petit crocodile ?,Lacoste
Quel film d’animation de Pixar raconte l’histoire d’un garçon mexicain durant  le Jour des morts?,Coco
"Quel auteur britannique a écrit les romans ayant inspirés les films Matilda, Charlie and the Chocolate Factory et The Big Friendly Giant?",Roald DAHL
"Selon la légende, qui sont les deux fondateurs de la ville de Rome?",Romulus et Rémus
Dans quelle capitale européenne retrouve-t-on une statue de la petite sirène du conte d'Hans Christian Andersen ?,Copenhague
Qui était la conjointe de John Lennon au moment de sa mort?,Yoko Ono
Quel tout petit royaume ayant Maseru pour capitale est complètement enclavé en Afrique du Sud?,le Lesotho
Quel cap est situé à l'extrémité sud de la Terre de Feu?,le cap Horn
"Le drapeau de quel pays africain dont la capitale est nommée d’après un président américain ressemble-t-il à celui des États-Unis, mais ne comporte-t-il qu’onze bandes et une seule étoile ?",le Liberia
Quelle abbaye bénédictine française fondée en 966 doit une partie de son prestige à sa situation sur une île autrefois seulement accessible à marée basse?,le Mont-Saint-Michel
Quel pays asiatique a le baht comme unité monétaire?,la Thaïlande
"En chimie, quels deux mots sont abrégée par les lettres pH?",le potentiel d’hydrogène
"Après l'azote et le dioxygène, quel gaz est le plus présent dans l'air sec?",l’argon
Qui a inventé le système de classification et de nomenclature des espèces vivantes?,Carl von LINNÉ
Quel élément chimique radioactif peut-on extraire de la pechblende?,l’uranium
"À quel compositeur doit-on l’opéra Die Zauberflöte, ou La Flûte enchantée, en français?",Wolfgang Amadeus MOZART
Quelle partie du quatrième mouvement de la 9e Symphonie de Beethoven sert aujourd’hui d’hymne à l'Union européenne?,l’Hymne à la joie ou l’Ode à la joie
"Quel groupe de rap rock nous a laissé la chanson Heathens, pour le film Suicide Squad, ainsi que la chanson Stressed Out?",TWENTY ONE PILOTS
"À quel coach de La Voix doit-on les albums Paris Tristesse, La Science du cœur et La Forêt des mal-aimés?",Pierre LAPOINTE
Quel italien a composé les opéras La Bohème ainsi que Madama Butterfly?,Giacomo PUCCINI
Quel fut le premier explorateur européen à atteindre le continent américain au 11e siècle?,LEIF Erikson ou Leif ERIKSON
Quel pays africain eut pour premier président en 1960 le poète Léopold Sédar Senghor?,Sénégal
Quel nom a-t-on donné à la série d’expéditions initiées par le pape Urbain II et visant à étendre le christianisme ou à punir les non-chrétiens?,les croisades
"Quel pays asiatique n’eut que trois dirigeants depuis sa proclamation en 1948, soit Kim Il-sung, Kim Jong-il et Kim Jong-un?",la Corée du Nord
De quel pays le Panama s'est-il séparé en 1903 pour devenir un état indépendant ?,de la Colombie
Comment s'appelle l'ensemble architectural de maisons conçus par Moshe Safdie dans le cadre de l'Exposition de Montréal en 1967?,Habitat 67
Quel art ou artisanat notamment pratiqué par Thomas Chippendale consiste en la fabrication de meubles en bois?,l’ébénisterie
À quel photographe surréaliste devons-nous la photo Le Violon d'Ingres représentant une femme nue de dos avec les ouïes d'un violon dessinées au-dessus du bassin?,MAN RAY ou Emmanuel Radnitzky
Qui remporta la première édition montréalaise du Grand Prix de Formule Un du Canada en 1978?,Gilles VILLENEUVE
Quel langage informatique est le langage lisible par l'humain le plus proche du langage machine utilisé par le microprocesseur?,le langage ASSEMBLEUR ou ASSEMBLY
Le nom de quelle saveur de crème glacée « de base » utilise-t-on pour désigner la version sans extension d’un jeu vidéo ou d’un programme?,vanilla ou vanille
"À quel poète doit-on les vers « C’était un grand Vaisseau taillé dans l’or massif / ses mâts touchaient l’azur, sur des mers inconnues »?",Émile Nelligan
Quel prix littéraire français fut créé en 1904 par 22 collaboratrices du magazine La Vie heureuse afin de constituer une alternative au prix Goncourt?,le prix Femina
Quel enseignant donne son nom à une pièce de théâtre d’Évelyne de la Chenelière dans lequel il remplace une enseignante d’école primaire s’étant donné la mort dans sa salle de classe?,Bashir LAZHAR ou Monsieur Lazhar
"Quelle femme, née Mary Wollstonecraft Godwin, est l’auteure de Frankenstein; or, The Modern Prometheus?",Mary SHELLEY
"Quel réalisateur québécois, qui nous a laissé le film Le Violon Rouge, a aussi réalisé le film de 2017 Hochelaga, Terre des âmes?",François Girard
"Quelle catégorie des Oscars a notamment été remportée par les films Spirited Away, Wallace & Gromit : The Curse of the Were-Rabbit, WALL-E et Zootopia?",Meilleur film d’animation ou Best Animated Feature (accepter les réponses semblables)
Quel film de 1941 du réalisateur américain Orson Welles souvent considéré comme le meilleur de tous les temps était inspiré de la vie du magnat américain de la presse Randolph Hearst ?,Citizen Kane
Quelle émission diffusée depuis 2017 met en vedette les personnages des bandes-dessinées Archie?,Riverdale
Dans quelle ville française se retrouve le Musée International de la parfumerie?,Grasse
"Quel animal est élevé par un oviculteur, lequel peut s’intéresser à sa viande à son lait ou à sa laine?",le mouton ou la brebis ou l’agneau
"À moins de faire partie de ses employés ou de sa famille immédiate, quelle fonction faut-il occuper pour habiter au 10 Downing Street à Londres?",Premier ministre britannique
"Quel Québécois sujet d’un film de 2013 était surnommé l’homme le plus fort du monde, avec Antoine Bertrand dans le premier rôle?",Louis CYR
Quel auteur québécois a écrit le roman Agaguk?,Yves THÉRIAULT
À quel compositeur doit-on la suite Le Beau Danube Bleu?,Johann STRAUSS II ou Johann STRAUSS FILS
"Quelle région du monde, dont le nom signifie « Occident » ou « Pays du soleil couchant » en arabe comprend notamment l’Algérie, la Tunisie et le Maroc?",le Maghreb
"Dans quel pays africain le peuple Zoulou, qui affronta les colons anglais au XIXe siècle, habite-t-il majoritairement?",en Afrique du Sud
Sur quelle île européenne se trouve la Chaussée des Géants?,en Irlande ou sur Éire ou sur l’île Irlandaise
Quel nom porte la route historique longeant la rive Est du Richelieu et reliant les localités qui furent des foyers de l'insurrection de 1837-1838?,le Chemin des Patriotes
"Quel pays a pour trois langues officielles l’allemand, le français et le néerlandais, même si on qualifie ses dialectes néerlandais de flamand et qu’un plus grand nombre de ses citoyens ont le wallon que l’allemand pour langue maternelle?",la Belgique
Quel nom porte la force permettant de maintenir un objet dans une trajectoire elliptique ou circulaire sans qu’il ne quitte sa trajectoire courbée?,la force centripète
Quelle théorie a été formulée par Alfred Wegener pour expliquer la forme et la position actuelles des continents?,la dérive des continents
Quel oiseau de l’Atlantique Nord au plumage rappelant celui du pingouin ou du manchot se reconnait à son gros bec triangulaire coloré lui valant le surnom de perroquet de mer?,le MACAREUX moine
Quel composé chimique de formule CH3CH2OH utilisé notamment en parfumerie ou comme biocarburant appelle-t-on plus simplement alcool?,l’éthanol
Quel chanteur natif de Cap-Chat a remporté en 2017 le Félix de la Chanson de l’année pour Kamikaze?,Patrice MICHAUD
"Souvent de voix soprano, par quels deux mots italiens désigne-t-on la chanteuse vedette d'une compagnie d'opéra?",prima donna
Quel fleuve fut honoré en 1866 par Johann Strauss II qui le qualifia alors de beau dans le titre d’une valse?,Le Beau DANUBE bleu
"Quelle ancienne membre du groupe Fifth Harmony a depuis obtenu un succès solo avec les chansons I Know What You Did Last Summer, Bad Things, Crying in the Club et Havana?",Camila CABELLO
"Nommez un des deux principaux vaccins utilisés pour contrer les infections au papillomavirus humain., R. : Gardasil ou Cervarix
Quel nom les Romains donnaient-ils à la ville gauloise aujourd’hui connue sous le nom de Paris?",Lutèce ou Lutetia
"Dans quel pays actuel, sur le territoire duquel se trouvaient certaines des villes les plus peuplées au monde pendant que l’Europe vivait son Moyen Âge, se trouvent les anciennes villes de Teotihuacán et de Tenochtitlan?",au Mexique
Quel nom euphémiste donne-t-on généralement aux camps d’exterminations où étaient acheminés les juifs dans l’Allemagne nazie?,les camps de concentration ou camps de travail
Quel nom a-t-on donné à la série d’événements politiques de 1970 ayant culminé en la mort de Pierre Laporte?,la crise d’octobre
Quelle roche sédimentaire siliceuse très dure était utilisée pendant la préhistoire pour la fabrication d’armes et d’outils comme le biface?,le silex
Dans quelle ville européenne pourriez-vous admirer des pièces gréco-romaines et égyptiennes dans la Glyptothèque Ny Carlsberg ?,à Copenhague
Quels étaient les trois ordres architecturaux de colonnes de la Grèce antique?,"dorique, ionique et corinthien"
"Quel révolutionnaire est représenté sur la photo Guerrillero Heroico d’Alberto Korda, depuis reproduite sur plusieurs casquettes et chandails notamment vendus un peu partout à Cuba?",Ernesto « Che » GUEVARA
Quel boxeur américain ayant donné son nom au domicile des Red Wings de Detroit de 1979 à 2017 est l’homonyme d’un petit gâteau Vachon?,Joe LOUIS
Combien de côtés possède un endécagone?,11
Quel personnage littéraire de l’antiquité avait pour fils Télémaque et pour femme Pénélope?,Ulysse
Quel roman racontant le voyage de Dean Moriarty et de Sal Paradise a été écrit par Jack Kerouac?,On the Road ou Sur la route
"De quelle série de romans la pièce de théâtre de 2016 The Cursed Child, ou L’Enfant maudit en français, est-elle dérivée?",Harry Potter
Quelle auteure remporta le prix Goncourt en 1979 pour Pélagie-la-Charrette?,Antonine MAILLET
"Qui est l’auteur du roman Origin, lancé en 2017, lequel suit le même Robert Langdon présent dans ses romans Angels & Demons et The Da Vinci Code?",Dan Brown
Dans quelle comédie de 2002 Alain Chabat incarne-t-il un homme politique romain et Monica Bellucci une reine d’Égypte?,Astérix & Obélix : MISSION CLEOPATRE
Quel personnage littéraire québécois d’Un homme et son péché a pour patois l’expression « Viande à chien! »?,SÉRAPHIN Poudrier ou Séraphin POUDRIER
"Quelle marque d'équipement sportif a pour logo le Swoosh, un crochet pour la création duquel la graphiste Carolyn Davidson fut payée 35$?",Nike
Quelle île ayant Nuuk pour capitale est la plus grande île au monde?,le Groenland
Dans quelle ville de Mauricie se situe la Cité de l’Énergie?,à Shawinigan
"En degrés kelvin, à quelle température correspond le zéro absolu?",0 degré kelvin
"Outre l’Antarctique, quel est le seul continent à n’avoir jamais accueilli de Jeux olympiques?",l’Afrique
Quel nom donne-t-on à un vaisseau sanguin dont la fonction est de transporter le sang du cœur vers les organes et tissus en périphérie?,Une artère
Quel roi des Francs fut couronné empereur par le pape Léon III le jour de Noël en 800?,Charlemagne
"À quel art peut-on associer des courants comme le Style international, l'École de Chicago, le Brutalisme et le Bauhaus?",Architecture
À quel peintre de la renaissance italienne au 15e siècle doit-on la peinture allégorique Le Printemps ainsi que La Naissance de Vénus?,Sandro BOTTICELLI
Quel matériau a été utilisé par Michel-Ange lors de la confection de sa célèbre Pietà qui est exposée à la Basilique Saint-Pierre de Rome?,Marbre
Quelle équipe de la LNH ayant remporté la Coupe Stanley en 2004 avait Steven Stamkos comme capitaine?,Le LIGHTNING de Tampa Bay
Quel joueur de baseball soupçonné d'avoir utilisé des substances interdites détient les records pour le plus grand nombre de circuit en une saison et dans l'ensemble de sa carrière?,Barry BONDS
Comment appelle-t-on un triangle ayant deux côtés congrus?,Triangle isocèle
Quelle forme de poème strictement codifiée est composée de quatre strophes dont deux quatrains et deux tercets pour un total de quatorze vers?,Le sonnet
Quel est le nom du chat du sorcier Gargamel dans la série de bandes dessinées Les Schtroumpfs?,Azraël
"Dans quel jeu de société les joueurs doivent-ils parcourir une distance prédéterminée en utilisant des cartes appelées As du volant, Camion-citerne et Feu vert?",Mille bornes
En direction de quelle ville les musulmans doivent-ils se tourner pour prier?,La Mecque
Quel organe est le plus lourd et le plus étendu du corps humain?,La peau
"Dans quel pays actuel se situent les Jardins suspendus de Babylone, une des sept merveilles du monde antique?",en Irak
Quelle ville est la capitale de la Slovaquie?,Bratislava
Comment appelle-t-on les roches qui ont été transformées par la chaleur ou la pression de la croute terrestre?,Des roches métamorphique
Quel type de nuage est formé de filaments isolés à des altitudes élevées?,Un cirrus
Quel terme italien indique au musicien de jouer très fortement ?,Fortissimo
"Quelle religieuse, fondatrice de Sœurs de la Charité de Montréal, est la première personne née au Canada à être canonisée ?",Marguerite d’YOUVILLE
"Fondée au 17e siècle, quelle ville est toujours la seule fortifiée au nord du Mexique?",Québec
Dans quelle ville de France est exécutée Jeanne d’Arc?,Rouen
Quel président américain assassiné était marié à Jacqueline Bouvier ?,John F. Kennedy
Quelle sculpture de Michel-Ange représente la Vierge Marie tenant le corps de Jésus détaché de la Croix?,La Pietà
Dans quel ordre architectural grec le chapiteau des colonnes est-il décoré de volutes et de feuilles d'acanthe?,L’ordre corinthien
À quel peintre ayant œuvré en Espagne associez-vous les toiles St-Pierre et St-Paul et Enterrement du Comte d’Orgaz?,El Greco
"Dans la LNH, quel trophée remporte l’équipe championne de la conférence de l’Est?",Trophée Prince de Galles
"Dans quel pays est né le cycliste vainqueur des Tours de France de 1991 à 1995, Miguel Indurain?",l'Espagne ou il est espagnol
Quelle forme fixe de poésie comporte deux quatrains suivis de deux tercets?,Sonnet
Quelle est la nationalité de l’auteure Amélie Nothomb?,Belge ou elle vient de Belgique
Quels deux frères français inventent le cinématographe et capturent le premier film qui montre leurs employés sortir d’une usine?,Auguste et Louis LUMIERE
Quel américain vivait dans une maison nommée Monticello et a été le troisième président du pays?,Thomas Jefferson
Quel théologien allemand aurait placardé ses 95 thèses sur la porte de l’Église de Wittemberg?,Martin LUTHER
Quel homme né à Baie-Comeau est premier ministre du Canada lors de la signature de l’ALÉNA?,Brian MULRONEY
"Située aux Pays-Bas, quelle ville possède le plus grand port d'Europe en termes de tonnes de marchandises traitées?",Rotterdam
Comment appelle-t-on un climat où les saisons sèches alternent avec les saisons humides et où la température mensuelle moyenne ne descend jamais sous les 18 degrés Celsius?,Un climat tropical
À quelle vitamine associez-vous la riboflavine?,La vitamine B
Comment s’appellent les deux os qui forment l’avant-bras?,Radius et Cubitus ou Radius et Ulna
À quelle famille chimique appartient le brome?,Les halogènes
À quelle artiste américaine associez-vous la tournée Joanne World Tour ?,Lady Gaga
"Quel pays, avec 331 médailles, est au premier rang des nations aux Jeux Olympiques d’hiver, principalement grâce aux épreuves de ski?", R. : La Norvège
"Dans quel pays réside officiellement le Dalaï-Lama, la plus importante lignée de réincarnation du bouddhisme tibétain, puisqu’il est en exil du Tibet?", Inde 
Quel est le nom de la comète qui revient près de la Terre à tous les 76 ans?",Comète de Halley
Quel mot floral emploie-t-on pour parler de l'odeur d'un vin ?,Bouquet
Combien de langues officielles comptent les États-Unis?,0
"Dans quelle constellation Sirius, l'étoile la plus brillante du ciel nocturne, est-elle située?",dans le Grand Chien
"Quel nom donne-t-on au processus de dégradation du relief par tout agent externe, comme le vent ou l’eau?",l’érosion
Quelle maladie est causée par le bacille de Yercin?,la peste
Comment appelle-t-on la décomposition d'un composé chimique par l'eau?,l’hydrolyse
Quel nom porte les organes de la plante spécialisés dans la photosynthèse s’insérant dans la tige au niveau des nœuds?,les feuilles
"S’il profite d’artistes invités bien établis, qui est l’interprète principal de la chanson Despacito?",Luis FONSI
"Quel compositeur italien nous a laissé les opéras La pie voleuse, La Cenerentola et Le Barbier de Séville?",Gioacchino ROSSINI
Quel était le seul instrument à percussion utilisé dans l'orchestre jusqu'à la fin du XVIIIe siècle ?,les timbales
"Quel titre ont portés les souverains serbes de 1346 à 1371, Bulgares à plusieurs reprises depuis le 10e siècle et Russes de 1547 à 1917?",les tsars ou tsarines
"Quelle république fut créée en 1910 par l’union de quatre colonies, soit le Natal, la rivière Orange, le Transvaal et le Cap?",l’Afrique du Sud
Comment se nomment les monuments préhistoriques composés de menhirs disposés en cercle?,des cromlechs
"Comment nomme-t-on les personnes finançant les arts et les lettres par des dons ou des commandes de manière à permettre aux artistes de pouvoir s’adonner pleinement à leur art, comme ce fut le cas pour plusieurs membres de la famille des Medici?",les mécènes
"Quel art décoratif consiste en l’assemblage de fragments de pierres colorées, d’émail ou de verre pour former des motifs ou des figures?",la mosaïque
De quel sport de tir le skeet est-il une variante utilisé aux Jeux olympiques?,le tir au pigeon d’argile ou ball-trap
Quel athlète Québécois est devenu en 2010 le premier Canadien à remporter une médaille d’or olympique en sol canadien?,Alexandre Bilodeau
"Combien compte-on normalement de degrés dans un fuseau horaire, considérant qu’on compte 24 fuseaux horaire sur Terre?",15
Quel service informatique d'Apple a fait la manchette en 2014 suite à la diffusion illégale de photos privées de nombreuses célébrités?,iCloud
"Comment appelle-t-on un potage composé de crème fraîche et de fruits de mer, notamment de homard?",une bisque
Quel nom porte le chapeau des évêques et du pape lors des cérémonies pontificales?,la mitre
À quelle auteure québécoise doit-on le personnage de Maud Graham?,Chrystine Brouillet
"À quel pays appartiennent les Îles de la Reine-Élizabeth, l'Île du Prince-de-Galles et l'Île Victoria?",au Canada
Quel genre d'île définit-on comme un récif en forme d’anneau étroit enfermant un lagon en son centre?,un atoll
Dans quel état américain se trouve le delta du Mississippi?,en Louisiane
Le drapeau de quelle ville québécoise comprend une version dorée du Don de Dieu sur un fond bleu entouré d’un motif de forteresse?,Québec
Dans quelle partie du système digestif peut-on trouver un liquide blanchâtre appelé le chyle?,l’intestin grêle
Quel savant ayant défini en 1661 l'élément chimique comme « ce qui n'est pas décomposable » est aussi connu pour la loi de thermodynamique portant son nom et celui d’Edme Mariotte?,Robert Boyle
Quel acide de formule HNO3 était appelé esprit de nitre par les alchimistes et est encore appelé eau-forte par les artistes?,l’acide nitrique
Sous quel autre nom appelle-t-on plus communément l’aptéryx?,le kiwi
"Quel type de rock des années 50 popularisé par Bill Haley consiste en un mélange de rock, de blues et de musique hillbilly?",le rockabilly
Quel instrument de musique fait la renommée de la compagnie québécoise Casavant Frères?,l’orgue
"Quel auteur québécois à qui l’on doit L’Hiver de Force connaît-on aussi pour son anonymat, puisqu’il refuse toute entrevue et que seules deux photos de lui ont été publiées?", R. : Réjean Ducharme
Quel diplomate britannique fut kidnappé par le F.L.Q. en octobre 1970?,James Richard CROSS
"Dans quelle ville une grève des éboueurs noirs a-t-elle été déclenchée le 12 mars 1968, grève que Martin Luther King était venu encourager lorsqu’il fut tué sur le balcon du Lorraine Motel?",à Memphis
À quel peintre doit-on les tableaux commémorant les insurrections espagnoles de 1808 nommées Dos de Mayo et Tres de Mayo?,Francisco de GOYA
À quel courant artistique du XIXe siècle associez-vous les peintres Caspar Friedrich et Eugène Delacroix?,au romantisme
"Quel peintre, à qui l’ont doit La femme au chapeau, considère-t-on généralement comme le chef de file du mouvement fauviste?",Henri MATISSE
Quelle technique picturale se fonde sur l'utilisation de pigments finement broyés et agglutinés avec de l'eau gommée?,l’aquarelle
Laquelle des disciplines du ski alpin se déroule sur le parcours le plus long et aux vitesses les plus élevées?,la descente
"Quel sport pratiquait professionnellement l’athlète poignardée en plein match à Hambourg en 1993, Monica Seles, alors numéro 1 au monde?",le tennis
Dans quel stade les Alouettes de Montréal jouent-ils leurs parties locales?,Stade Percival-Molson
"Dans quel roman d'Agatha Christie, Hercule Poirot doit-il mettre au clair le meurtre d'un Américain retrouvé mort dans la cabine d’un train?",Murder on the Orient Express ou Le Crime de L'Orient-Express
"Quelle personnalité réelle est interprétée par Joseph Gordon-Levitt dans un film de 2016 d’Oliver Stone se déroulant notamment aux États-Unis, à Hong Kong et à Moscou?",Edward SNOWDEN
Quel acteur écossais aujourd’hui retraité fut le premier à incarner James Bond au grand écran?,Sean CONNERY
"En plus d’Anton Voyl et de ses amis, quel est le principal disparu dans le roman La Disparition, de Georges Perec?",la lettre e
Quelle est l'unité monétaire de l'Afrique du Sud?,le rand
Avec quel pays la Colombie partage-t-elle sa frontière nord-ouest?,avec le Panamá
"Quel lac d'Afrique est bordé par le Kenya, la Tanzanie et l'Ouganda?",le lac Victoria
Quelle est la capitale de l’état de la Louisiane?,Bâton Rouge
D’après quel médecin allemand est nommé le bacille provoquant la tuberculose?,Robert Koch
Autour de quelle planète orbitent des satellites nommés selon des personnages de Shakespeare?,Uranus
Comment appelle-t-on l'ensemble des allèles contenus dans l'ADN d'un être vivant?,le génotype
Quel nom porte la partie du squelette du pied comprise entre le tarse et les orteils?,le métatarse
"À quel compositeur doit-on un concerto composé pour le pianiste Paul Wittgenstein après qu’il ait perdu un bras à la guerre, d’où son titre de Concerto pour la main gauche ?",Maurice Ravel
Quel compositeur russe est l’auteur de la musique du ballet Casse-Noisette?,Piotr Ilitch Tchaïkovski
À quel chanteur ayant pour vrai nom Robert Zimmerman doit-on les chansons Like a Rolling Stone et Blowing in the Wind?,Bob DYLAN
"Quel surnom donnait-on à Elvis Presley, qui a amené le genre musical rock and roll à la population blanche américaine?", R. : le King
À quel ancien membre des groupes Cream et Derek and the Dominos doit-on les chansons Layla et Tears in Heaven?, R. : à Eric Clapton
Quelles deux mers sont liées par le canal de Suez?, R. : mer Rouge et mer Méditerranée
Quel premier ministre canadien accorda le droit de vote aux femmes ayant un lien de parenté avec un militaire en 1918 afin de remporter une élection presque entièrement disputée sur le sujet de la conscription?,Robert BORDEN
Quel empire eut pour corégents de 527 à 548 l’impératrice Théodora et l’empereur Justinien Ier?,l’empire Byzantin
"Au bord de quel fleuve de l'Inde l'armée d'Alexandre le Grand s'arrêta-t-elle, refusant de le suivre plus loin?",l’Indus
"Au Canada-Uni, qui partagea le pouvoir avec Robert Baldwin à deux reprises non consécutives?",Louis-Hippolyte LAFONTAINE
Quel maître du clair-obscur et du ténébrisme nous a notamment laissé l’œuvre Judith décapitant Holopherne?,Le Caravage
De quel ensemble de sculptures constituant une porte décorative ornée de bas-reliefs et s'inspirant de la Divine Comédie est extrait le Penseur de Rodin?,La Porte de l'enfer
Quel peintre québécois né à Saint-Hilaire en 1864 s'est fait connaître par ses toiles à caractère religieux qui ont décoré 28 cathédrales et églises?,Ozias LEDUC
Quelle déesse bien connue des sportifs est représentée par la statue Victoire de Samothrace?,Nikê ou Nike
Dans quel aréna les Remparts de Québec jouent-ils leurs parties locales?,au Centre Vidéotron
Quelle base utilise-t-on dans un système vigésimal ?,une base 20
À quel auteur québécois doit-on les bandes-dessinées Chroniques de Jérusalem et Chroniques Birmanes?,Guy DELISLE
Comment s'appelle le film s'inpirant de la longue nouvelle de Neil Gaiman portée au grand écran en 2009 ?,Coraline
"Quel poète et dramaturge français a publié anonymement en 1929 Le Dernier Jour d’un condamné, mais est certainement mieux connu pour ses œuvres romantiques?",Victor HUGO
Quel écrivain russe du 20e siècle a été mis en disgrâce par le régime soviétique et a écrit par la suite L’Archipel du Goulag?,Alexandre SOLJENITSYNE
Quel pays a déclaré unilatéralement son indépendance le 17 février 2008?,le Kosovo
Comment qualifie-t-on un médicament qui provoque une perte de la sensibilité à la douleur?,un analgésique
Quel est le symbole de l’étain?,Sn
"En 1986, quelle ville canadienne a accueilli l’Exposition Universelle?",Vancouver
Quel état australien est nommé d’après l’explorateur néerlandais l’ayant découvert?,la Tasmanie
Quel peintre français a peint Olympia?,Édouard MANET
"Dans quelle région italienne, arrosée par le fleuve Arno, retrouve-t-on les villes de Pise, Sienne et Florence ?",la Toscane
Nommez un pays situé dans la région surnommée « la Corne de l'Afrique » soit l’extrémité orientale du continent.,"la Somalie, le Djibouti, l’Éthiopie ou l’Érythrée"
"Dans quel pays d'Asie retrouve-t-on les villes de Madras, Bhopal et de Bénarès ?",en Inde
Quelle chaîne de montagnes d’Europe de l’Est décrit un arc allant du sud-est de la Roumanie jusqu’au nord-ouest de la Slovaquie?,les Carpathes
Nommez l'une des deux plaques tectoniques responsables de la levée des montagnes de la Cordillère des Andes.,Nazca ou Sud-Américaine
Quelle science a pour racine les termes grecs pour maison et connaissance?,l'écologie
À quel grand compositeur français devons-nous la Symphonie funèbre et triomphale et la Symphonie fantastique?,Hector BERLIOZ
Sur quel album de Jean Leloup retrouve-t-on les chansons La Vie est laide et Je joue de la guitare?,Les Fourmis ou 1985-2003 Je joue de la guitare
Quel luth à manche long et fretté est considéré comme l'instrument national de la Grèce?,le bousouki
Quel terme italien utilise-t-on pour parler d'un tremblement de la voix indiquant émotion exagérée?,tremolo
"Lancé en 1998 conjointement par les agences spatiales de quatre pays, quel satellite artificiel est le plus gros objet fabriqué par l'être humain jamais mis en orbite et le seul actuellement habitable?", R. : la Station Spatiale Internationale ou SSI ou ISS
"Tirant son nom d'un artefact égyptien, quelle sonde spatiale, accompagnée de son module Philae, atteignit la comète Tchouri en 2014?", R. : Rosetta
Quel mot sanskrit signifiant «roue» désigne les centres d'énergie dans le corps humain selon la tradition hindoue et bouddhiste?, R. : Chakra
"Quel tsar de Russie modernisa le pays en adoptant les valeurs occidentales et en déplaçant la capitale de l’empire plus à l’ouest, à Saint-Pétersbourg?",PIERRE le Grand
Quel système de pardon divin moyennant une somme d’argent est au centre des contestations formulées par les 95 Thèses de Martin Luther?,les Indulgences
Quel personnage dans la Nouvelle-France avait entre autres pour fonction de découvrir toute contravention aux ordonnances et de veiller aux approvisionnements et à l'état des prisons?,l'Intendant
À quel mouvement artistique rattachons-nous les œuvres des peintres Giuseppe Arcimboldo et El Greco?,Maniérisme
La voûte de quel édifice romain est recouverte de neuf scènes tirées de la Genèse peintes par Michel-Ange?,la chapelle SIXTINE
"À quel photographe surréaliste devons-nous la photo Le Violon d'Ingres représentant une femme de dos, nue, avec les ouïes d'un violon dessinées au-dessus du bassin?",MAN RAY ou Emannuel Rudzitsky
"À quel peintre et sculpteur québécois, signataire du Refus Global, devons la gigantesque toile Hommage à Rosa Luxembourg récemment installée au nouveau pavillon du Musée des Beaux Arts de Québec ?",Jean-Paul RIOPELLE
Quelle œuvre de Vincent Van Gogh conservée au Museum of Modern Art de New York représente ce que l'artiste pouvait voir pendant la nuit par la fenêtre de sa chambre d'hôpital?,La Nuit étoilée
"Dans quel pays pratique-t-on les sports du camogie, le hurling ainsi que le football gaélique ?",Irlande
Nommez l’une des deux variantes du rugby gérée par l’association mondiale World Rugby et caractérisées par le nombre de joueurs sur le terrain.,rugby à XV ou rugby à sept
"Quel nom est donné à l'ensemble de trois courses hippiques composé du Kentucky Derby, du Preakness Stakes et du Belmont Stakes?",la Triple Couronne
"Dans la Ligue nationale de hockey, quel trophée est remis au joueur ayant démontré les meilleures qualités de persévérance, de bonne conduite et dévouement à son sport?",le trophée BILL MASTERTON
"En octobre 2016, de quelle application mobile la compagnie Twitter a-t-elle annoncé la fermeture dans les mois à venir?",Vine
Quel bédéiste américain est le créateur des personnages de Susie Derkins et Miss Wormwood de la bande dessinée Calvin & Hobbes?,Bill WATTERSON
"Dans quel roman français du XIXe siècle, retrouvons-nous les personnages Milady de Winter et Constance Bonacieux?",Les 3 Mousquetaires
Quelle œuvre d'Alexandre Soljenitsyne traite du système carcéral mis en place par l'Union Soviétique?,L'Archipel de Goulag
"De son vrai nom Romain Kacew, qui est l'auteur de La Vie devant soi?",Romain Gary
"Célèbre pour ses fontaines, dans quel hôtel-casino de Las Vegas se tient le spectacle O du Cirque du Soleil?",Bellagio
"Ayant également réalisé Thelma & Louise ainsi que Blade Runner, à quel cinéaste doit-on le film de 2015 The Martian (Seul sur Mars)?",Ridley Scott
"Dans quel pays pourrait-on vous servir des crêpes au paprika en guise de repas traditionnel, ou encore un bol de goulash?",la Hongrie
"Avec quelle équipe de la Ligue nationale de Hockey les frères Peter, Anton et Marián Šťastný ont-ils débuté leur carrière nord-américaine dans les années 1980?",les Nordiques ou Québec
"Avec la courge et le haricot, quelle céréale complète la technique agricole dite des « trois sœurs »?",le maïs
Dans quel film de Stanley Kubrick voit-on deux inquiétantes jumelles inviter Dany à venir jouer avec elle pour l'éternité?,The Shining
À quel groupe associez-vous le batteur Charlie Watts?,Les Rolling Stones
Quel Italien a composé l'opéra La Traviata?,Giuseppe VERDI
Quel révolutionnaire dirigeait la France pendant la période surnommée La Terreur?,Maximilien de ROBESPIERRE
Quelle ville est la capitale de l'État du New York?,Albany
De quelle organisation une bougie entourée d’un fil de fer barbelé est-elle le symbole?,Amnistie Internationale
Comment appelait-on le séjour des dieux dans la mythologie scandinave?,Asgard
Quels deux pays s'opposèrent lors de la Guerre de Cent Ans?,France et Angleterre
Quel pays actuel portait anciennement le nom de Siam?,la Thaïlande
Nommez un des deux seuls pays frontaliers de l’Afghanistan à porter un nom ne se terminant pas par –stan.,la Chine ou l’Iran
L’intensité de quel phénomène météorologique est mesurée par l'échelle Saffir-Simpson?,les ouragans
"Quelle mesure identifie-t-on avec des indicateurs tels que le vert malachite, le bleu de bromothymol ou le papier tournesol?",le pH
Quel nom collectif donne-t-on aux éléments chimiques dont les numéros atomiques vont de 57 à 71?,les lanthanides
De quelle région espagnole provient la danse nommée fandango?,d’Andalousie
Quelle technique musicale consiste en pincer les cordes d’un instrument à cordes frappées ?,le pizzicato
Quel est le seul pays sud-américain ayant l’anglais comme langue officielle?, R. : le Guyana
"Quelle ville canadienne originalement nommée Pile o’ Bones fut renommée par la princesse Louise en 1882 en l’honneur de sa mère, la Reine Victoria?",Regina
"Quel homme religieux, surnommé le roi du Nord, considère-t-on comme l’un des principaux artisans de la colonisation des Laurentides?",le curé Antoine LABELLE
"Bien qu'il soit mort aux îles Marquises, quel peintre connait-on notamment pour la période de dix ans où il a vécu à Tahiti?",Paul Gauguin
À quel peintre doit-on les œuvres Chambre de l'artiste à Arles et Terrasse du café le soir?,Vincent VAN GOGH
De quel pays provient le genre d’estampe nommé ukiyo-e et dont La Grande Vague de Kanagawa est peut-être l’exemple le plus connu?,du Japon
Dans quelle ville de la Californie se sont déroulés les Jeux olympiques d'hiver de 1960 ?,Squaw Valley
Combien y a-t-il de fonctions trigonométriques de base ?,"6 (sin, cos, tan, sec, cosec, cotan)"
Que signifie l’acronyme USB désignant une norme de connecteurs informatiques?,Universal Serial Bus
"Au volleyball, au ping-pong, au badminton et au tennis, comment appelle-t-on les manches?",des sets
Quel est le nom du plus ancien pont de Paris?,le pont Neuf
Quelle ville aurait été assiégée pendant près de dix ans par les forces dirigées par Agamemnon selon l’Iliade?,Troie
"Quel auteur de romans et de nouvelles est surtout reconnu pour ses romans pour les enfants, notamment Matilda et Charlie and the Chocolate Factory?",Roald Dahl
Quel mouvement littéraire explore des techniques de création qui laissent le champ libre à l'inconscient et force la désinhibition des conditionnements comme l'écriture automatique et les cadavres exquis?,le surréalisme
"Dans quel drame d'Arthur Miller, le héros ayant perdu son emploi songe-t-il au suicide dans un accident de voiture afin que sa famille puisse toucher son assurance vie?",Mort d'un commis voyageur ( Death of a Salesman )
À quel réalisateur adepte d’explosions doit-on le film Armaggedon et la série de films Transformers?,Michael Bay
"Sous quel nom connaît-on mieux Conrad Kirouac, le fondateur du Jardin Botanique de Montréal?",Frère Marie-Victorin
Quelle est la capitale du Texas?,Austin
Quel est le symbole du radon?,Rn
Dans quelle ville réputée pour sa culture l'UNESCO a-t-elle son siège?,Paris
Quel américain a inventé le premier ascenseur sécurisé en 1852?,Elisha OTIS
Le long de quelle rivière est située la plus importante réserve de sables bitumineux de l'Alberta ?,la rivière Athabasca
Quel est le nom scientifique du jaune d'œuf?,le vitellus
À quelle famille d'éléments chimiques appartiennent le calcium et le baryum?,les alcalino-terreux
Qui a découvert en 1781 l'existence de la planète Uranus?,William HERSCHEL
Quel élément chimique retrouve-t-on au milieu d'une molécule d'hémoglobine?,le fer
Quel instrument à trois cordes obtenu par l’Orchestre Symphonique de Montréal en 2016 est le plus grand et le plus grave des instruments à cordes ?,l’octobasse
Qui est le compositeur de la musique du ballet L'Oiseau de feu?,Igor STRAVINSKI
"Quelle branche du christianisme pratique-t-on en Russie, ce qui explique que Noël y soit fêté le 7 décembre plutôt que le 25 ?", R. : ORTHODOXE ou ORTHODOXIE
Quel premier ministre québécois fut contraint à la démission le 11 juin 1936 en raison de la corruption qui touchait son parti et son gouvernement ?,Louis-Alexandre TASCHEREAU
Quel territoire chinois fut envahi par le Japon en 1931?,la Mandchourie ou le Mandchoukouo
Quel roi procéda à la dissolution de la Compagnie des Cent-Associés en 1663 avant d'assurer le contrôle complet de la Nouvelle-France?,Louis XIV
Comment se nommait le héros de l'indépendance écossaise ayant vaincu les Anglais à la bataille de Stirling au début du XIVe siècle?,William WALLACE
Quelle technique innovée lors de la Renaissance permet de donner une impression de profondeur à une toile en y appliquant des principes géométriques?,la perspective ou l’optique
Quelle école artistique allemande fut fondée par Walter Gropius ?,Bauhaus
"Quelle forme d’art peut-on associer à Jean-Michel Basquiat, à Keith Haring et à Banksy?",le graffiti
"Quelle construction près de Madrid, inscrite au Patrimoine mondial, est à la fois un palais, un monastère et un musée ?",le palais de l’ESCORIAL ou l'ESCURIAL
"À quel sport fait référence le trophée Lancôme, l’Open de France et la Coupe Ryder ?",au golf
Quel mathématicien britannique pionnier de l’informatique réussit à décrypter le premier une machine Enigma ?,Alan Turing
Qui a décrit dans un de ses romans les sept niveaux des enfers qu'il aurait traversé pour retrouver Béatrice?,DANTE Alighieri
Quel ouvrage comptant 17 volumes prit vingt ans avant d’être publié dans son entièreté par Diderot et D’Alembert ?,L'Encyclopédie
Quel élément du théâtre grecque antique agit comme témoin impuissant de la scène et souligne l'intensité dramatique ?,le chœur
"Dans quel film de 1961, adapté d’une nouvelle de Truman Capote, peut-on voir Audrey Hepburn et son chat nommé Cat ?",Breakfast at Tiffany's ou Diamants sur canapé
Quelle femme est l’auteure du roman Frankenstein ?,Mary SHELLEY
"Sur quelle mer se situent les villes de Trabzon et d'Odessa, situées en Turquie et en Ukraine?",la mer Noire
"En anglais, d’après quelle divinité le jeudi est-il nommé?",Thor
Dans quel célèbre lieu du Kentucky retrouve-t-on la réserve d'or américaine?,Fort Knox
Qui découvrit en 1928 la pénicilline ?,Alexander FLEMING
Quelle grotte de Dordogne est surnommée « chapelle Sixtine de l’art pariétal » ?,la grotte de Lascaux
Comment appelle-t-on la peur d'avoir peur ?,la phobophobie
Sur quelle île appartenant à la Grèce le site archéologique de Cnossos est-il situé?,en Crète
Quel os de la face forme le relief des pommettes?,l’os zygomatique
Dans quel pays la première transplantation cardiaque fut-elle réussie par le médecin Christiaan Barnard ?,en Afrique du Sud
Quelles cellules sanguines sont aussi appelées thrombocytes?,les plaquettes
Quelle est la durée de révolution de la comète Halley?,76 ans
Quel groupe de musique a lancé les chansons Lithium et Come As You Are sur son album Nevermind en 1991?,Nirvana
Quel compositeur québécois mort à 39 ans était surnommé le Mozart québécois ?,André MATHIEU
De quel type d’étoiles Alpha Centauri et le Soleil sont-elles ?, des naines jaunes
Quel nom a porté de 1996 à 2002 l’aréna à domicile des Canadiens de Montréal ?, le Centre Molson
Quel médecin canadien a participé à la révolution chinoise aux côtés des communistes et y est donc reconnu comme un héros national ?,Norman Bethune
"Fondée par Adam Thom en mars 1836, quelle association anglophone paramilitaire lutta contre les patriotes canadien-français lors des Rébellions du Bas-Canada ?",le Doric Club
Dans quel pays une révolution culturelle lancée en 1966 causa-t-elle la mort de centaines de millions de personnes?,en Chine
"À la boxe, quelle catégorie de poids est située immédiatement en bas des poids légers?",plumage
"Y rejoignant alors les Nets, dans quel arrondissement de New York les Islanders évoluent-ils à domicile depuis 2015 ?",Brooklyn
"Dans quel sport un revêtement de caoutchouc peut-il être appliqué sur la raquette, celle-ci pouvant donc provoquer des effets différents en fonction du côté de la raquette utilisée pour frapper la balle ?",le ping-pong
"À quel style typique du 11e au 15e siècle, retraçant les exploits héroïques de chevaliers, appartiennent des textes tels que La chanson de Roland?",la chanson de gestes
Qui est l’auteur de la série de romans jeunesse Percy Jackson ?,Rick RIORDAN
Quel dramaturge français est l’auteur d’Andromaque et de Phèdre ?,Jean RACINE
Quelle romancière anglaise nous a laissé le roman Pride and Prejudice ?,Jane AUSTEN
Quelles deux lettres différencient le film des Contes pour tous ayant une chienne nommé Cléo parmi ses personnages ainsi que le remake animé du même film paru en 2015 ?,3D
Dans quel film de Robert Zemeckis peut-on entendre la citation suivante : « My mama always said you can tell a lot about a person by their shoes. »,Forrest Gump
"Quelle télésérie américaine des années 1970 mettait en vedette Farah Fawcett, Jacqueline Smith et Kate Jackson dans le rôle de trois ex-policières devenues détectives privées au sein de l'agence de Charles Townsend?",Charlie's Angels
Quels deux hommes étaient à la tête du premier gouvernement responsable du Canada-Uni ?,Robert BALDWIN et Louis-Hyppolite LAFONTAINE
Quel compositeur russe nous a laissé le poème symphonique Une nuit sur le mont chauve ?,Modest MOUSSORGSKI
Combien d'années exactement dura la guerre de Cent Ans?,116 ans
De quel pays le groupe ABBA est-il originaire?,de Suède
Quel est le plus gros satellite de Saturne ?,Titan
De quelle peur souffre un acrophobe?,des hauteurs
"Dans quelle ville espagnole se situerait le tombeau de l'apôtre Jacques de Zébédée, qui fait depuis le Moyen Âge l'objet d'un important pèlerinage ?",Saint-Jacques-de-COMPOSTELLE
Héraklion est la capitale de quelle île de la Méditerranée rattachée à la Grèce ?,la Crète
Sous quel nom désigne-t-on familièrement la céphalée?,le mal de tête (accepter les réponses semblables)
"Quelle compagnie pharmaceutique a commercialisé des médicaments tels que Alesse, Zoloft, Xanax ou Viagra?",Pfizer
Nommez un des trois Britanniques ayant découvert  la structure de l'ADN ?,"James WATSON, Rosalind FRANKLIN ou Francis CRICK"
"De quelle constellation la super-géante bleue Rigel fait-elle partie, bien qu’elle ne compose pas sa ceinture?",Orion
De quel pays est originaire la danse nommée tarentelle?,d’Italie
Quel chef d'orchestre canadien de renommée mondiale dirigea notamment le Metropolitain Opera de New-York?,Wilfrid Pelletier
Quel instrument de musique la compagnie Steinway fabrique-t-elle principalement?,des piano
"Quel compositeur célèbre est bien connu pour son travail sur de nombreux films tels que Star Wars, Indiana Jones et Jaws ?", R. : John WILLIAMS
"Dans quelle ville ont eu lieu les premiers Jeux Olympiques de l’ère moderne, en 1896?", Athènes
Quelle loi de 1937 était destinée à mettre en échec la propagande communiste au Québec",la loi du Cadenas
Quel cheval de course américain remporta des victoires inattendues et redonna l'espoir à des millions de personnes durant la Grande Dépression?,Seabiscuit
"Dans quel pays le sculpteur Alberto Giacometti est-il né, justifiant encore sa présence sur les billets de 100 francs de ce pays?",en Suisse
"Lors d'un voyage sur la côte ouest américaine, dans quelle ville pourriez-vous assister à un match du Storm de la WNBA, des Sounders de la MLS ou des Mariners de la MLB?",à Seattle
Quel athlète éthiopien a remporté l'or au marathon des Jeux Olympiques de Rome en courant pieds nus ?,Abebe BIKILA
"À trois décimales, quelle est la valeur du nombre d'or?","""1,618"""
"Quel important prix littéraire, remis depuis 1903, récompense des auteurs de langues françaises et a eu au fil du temps des vainqueurs du nom de Proust, Troyat, de Beauvoir, Mailllet et Duras?",le Prix Goncourt
Quel personnage des Aventures de Tintin apparait pour la première fois dans l’album Le Crabe aux pinces d’or et est le meilleur ami du personnage principal?,le Capitaine Archibald Haddock
Quel roman d'Yves Thériault de 1958 raconte l'histoire de ce qu’il appelle le peuple esquimau?,Agaguk
Comment appelle-t-on un vent du nord soufflant dans la vallée du Rhône et en Provence?,un mistral
Quelle est l'étoile la plus brillante dans le ciel lors qu'il est midi?,le Soleil
"Dans quelle ville peut-on voir la Gateway Arch, soit la plus haute arche du monde?",à St. Louis
Comment se nommait le parti qui fut considéré comme l'héritier des Patriotes et duquel fit partie Papineau?,le parti Rouge
Par quelle compagnie britannique était louée la plate-forme pétrolière Deepwater Horizon?,British Petroleum ou BP
Comment appelle-t-on les habitants du Burkina Faso?,Les Burkinabè (nom pluriel invariable) ou Burkinabés (nom invariable en gendre)
Quel autre nom désigne aussi le fleuve mexicain Rio Grande?,le Rio Bravo
"Deuxième fleuve du continent par sa longueur, quel cours d’eau portent le même nom que deux pays d’Afrique ?",le fleuve Congo
Quelle composante électronique composée de matériaux semi-conducteurs fait en sorte que le courant électrique ne circule que dans une seule direction?,une diode
"Débutant par la lettre «o», quelle spécialité médicale et chirurgicale couvre l'étude de l'organe dentaire, des maxillaires et des tissus attenants ?",l’odontologie
Quel radio-isotope du carbone est couramment utilisé dans la datation d'objets?,Carbone-14
"Quel collectif musical du 19e siècle était formé de Cui, Balakirev, Borodine, Rimski-Korsakov et Moussorgski?",le Groupe des Cinq
Dans quelle chanson de Charles Aznavour l’interprète rêve-t-il de voyages et d’exotisme à la vue des bateaux venant du bout du monde et apportant avec eux des idées vagabondes ?,Emmenez-moi
Quel chanteur ayant sorti les albums L’Alouette en colère et Le Tour de l’île a légué son nom aux prix récompensant le meilleur de la chanson québécoise lors du gala de l’ADISQ ?,Félix Leclerc
"Quel historien ecclésiastique, à qui l'on doit Histoire du Canada français depuis la Découverte, a profondément influencé la défense de la langue française ?",Lionel Groulx
Quel dictateur communiste a dirigé la Yougoslavie d'une main de fer de 1945 à 1980 ?,TITO ou Josip BROZ
"À quel roi de Babylone associez-vous la première application de la loi du talion symbolisée par l’adage « œil pour œil, dent pour dent » ?",Hammourabi
Quel terme désigne un musée spécialisé dans la conservation de sculptures?,une glyptothèque
Quelle forme artistique médiévale consistait à décorer et à illustrer les manuscrits de grandes initiales colorées et d'orner les pages d'encadrements et de dessins miniatures ?,l'enluminure
"À quel architecte québécois doit-on le Grand Séminaire de Québec, le pavillon principal de l’Université de Montréal ainsi que l’édifice de la Cour suprême du Canada ?",Ernest Cormier
Quel ensemble de récits animaliers datant des XIIe et XIIIe siècles est nommé d'après le goupil y étant un personnage central?,Le Roman de Renart
"Quelle maison d’édition québécoise publie les romans jeunesse Léonis, Amos Daragon et Le Journal d’Aurélie Laflamme ?",Les Intouchables
"À quel réalisateur doit-on les films Vertigo, Rear Window et The Birds?",Alfred Hitchcock
Quel était le nom de code de la bombe atomique lancée sur Nagasaki le 9 août 1945?,Fat Man
Quel acteur jouait le rôle de Han Solo dans la trilogie originale de Star Wars ?,Harrison Ford
Quelle ville espagnole est aussi le nom donné aux électrons de la couche externe d'un atome ?,Valence
"Également le nom d’une pièce de Sophocle, comment s'appelait la fille d’Oedipe ?",Antigone
Quelle mer canadienne est située au nord du district de Mackenzie?,la mer de Beaufort
Comment appelle-t-on un habitant du Swaziland?,Swazi
Quelle figure géométrique est parfois utilisée pour désigner la France?,Hexagone
"Ayant donné son nom à un archipel de l'Atlantique, quel cap est le point le plus occidental du continent africain ?",le cap Vert
"En physique, qu'est-ce qu'on définit comme étant le vecteur qui décrit le changement de vélocité d'un objet par unité de temps?",L'accélération
Danses hongroises et Requiem allemand sont des oeuvres de quel allemand du 19e siècle?,Johannes Brahms
Décédé le 25 décembre 2016 et ancien membre de Wham! à quel chanteur britannique d'origine chypriote doit-on des succès pop et soul tels que Last Christmas et Careless Whisper ?,George Michael
Quelle est la langue maternelle de plus de 70% des habitants de Barcelone?, R. : Catalan
Dans quelle ville a été assassiné Kennedy?, R. : Dallas
"Comme se prénommait la femme de Kennedy, qu’il a épousé en 1953?", R. : Jacqueline BOUVIER
"Sur quelle île, lieu d’entrée aux pays pour la plupart des nouveaux arrivants, les services américains d’immigrations ont-ils opérés de 1892 à 1954?",Ellis Island
"Quel empereur romain, convertit au Christianisme, met en place plusieurs réformes favorisant les chrétiens durant son règne, durant de 306 à 337?",Constantin
Quel homme politique britannique recommande l’Union du Haut et du Bas-Canada a des fins d’assimilation dans son rapport publié en 1839?,Lord DURHAM
"Quel roi d’Angleterre fut marié six fois, en plus d’être le père de trois souverains, dont Élizabeth Ire?",Henri VIII
Quel peintre impressionniste français signe les œuvres controversées Le Déjeuner sur l’Herbe et L’Olympia?,ÉDOUARD MANET
"En peinture, quelle technique se caractérise par l'opposition de parties claires et de parties très sombres, sans dégradations de couleurs, créant des effets de contrastes parfois violents ?",Clair-obscur
"Quel homme, fondateur de Kodak, perfectionne la fabrication des plaques photographiques?",George EASTMAN
"Quel peintre cubiste du XXe siècle devint, dans les années 1950, le premier artiste exposé au Louvre de son vivant?",GEORGE BRAQUE
Quel peintre italien du 20e siècle est célèbre pour ses portraits de femme aux visages allongés?,Amadeo MODIGLIANI
Quelle équipe de la LHJMQ représente la ville de Rouyn-Noranda?,les Huskies
Quelle équipe de basketball évolue dans la ville de Detroit?,Pistons
"Des 5 principales ligues majeures professionnelles en Amérique du Nord, laquelle est la seule dans laquelle l'entraîneur est habillé de la même manière que les joueurs?",MLB
En quelle année la Ligue Nationale de Hockey (LNH) fut-elle fondée?,1917
"Quel roman de Réjean Ducharme se déroulant à Montréal a gagné le Prix du Gouverneur Général en 1973, année de sa publication?",L’Hiver de force
"Considéré comme le premier auteur à l'inspiration russe, quel homme du début du 19e siècle nous a laissé La dame de pique et la pièce Eugene Onéguine?",Alexandre POUCHKINE
Quel auteur français du XVIIe siècle a repris un texte espagnol pour créer l'un de ses plus grands succès mettant en vedette Rodrigue et Chimène?,Pierre CORNEILLE
Quel fromage jaune pâle est originaire de la région de Somerset en Angleterre?,Cheddar
Quel fleuve trace la frontière entre la chine et la Russie sur environ 1600km?, l'Amour
Que veux-t-on dire par cette expression: De l’eau a coulé sous les ponts?, Que le temps a passé (accepter toutes réponses similaires)
"Dans la mythologie romaine, qui est le dieu des mers et des océans?", Neptune
Roger Waters était membre de quel groupe actif entre 1965 et 1994?, Pink Floyd
Quel conflit se déroula entre 1455 et 1485 en Angleterre?",Guerre des (Deux) Roses
"En 1949, quelle est la dernière province à se joindre à la Confédération canadienne?",Terre-Neuve-et-Labrador
"Depuis les attentats du 11 septembre 2001, quel terme utilise-t-on pour désigne le site des Tours Jumelles du World Trace Center?",Ground Zero
Quelle échelle sert à déterminer la vitesse du vent ?,L'Échelle de Beaufort
"Complétez le proverbe suivant : « À tout seigneur, tout… »",honneur
Le Transsibérien parcourt une distance de 9 000km entre quelles deux villes?,Moscou et Vladivostok
"Quel fleuve européen traverse notamment les villes de Budapest, Bratislava, Belgrade et Vienne?",Le Danube
Combien y a-t-il d'étoiles sur le drapeau australien ?,6
Quelle est la dernière phase de la reproduction cellulaire par mitose?,Télophase
"Quel principe de chimie stipule que si on perturbe l'état d'équilibre d'un système, celui-ci tendra à contrecarrer cette perturbation en en modérant les effets?",Principe de Le Chatelier
À quelle classe les araignées appartiennent-elles ?,Arachnides ou Arachnidae
"Sous quel nom connaît-on mieux la toxine botulique, protéine la plus toxique connue, dont l'usage est répandu à des fins esthétiques ?",Botox
Quel nom donne-t-on à la maladie provoquée par l'inhalation de poussière de silice et qui est caractérisée par une transformation fibreuse du poumon?,Silicose
Quel orchestre montréalais dirige Yannick Nézet-Séguin depuis 2000?,Orchestre Métropolitain
Quel terme italien est utilisé pour parler  d'une variation de l'intensité d'une note ?,Tremolo
"Quel instrument de musique, semblable à la guitare, a été développé par les esclaves africains aux États-Unis et est surtout utilisé dans les styles country et bluegrass?",le banjo
"Quel était le prénom du rat amateur de fine gastronomie, personnage principal du film Ratatouille sorti en 2007", R. : Rémy
"Dans le régime seigneurial, comment appelait-on la redevance payée au seigneur par le détenteur d'un terrain?",Le cens
"Au XIe siècle, dans quelle ville du Pérou l'empereur Manco Capac fonde-t-il la capitale de l'empire inca ?",Cuzco
"Quel empereur laissa à sa mort un royaume qui fut divisé par ses trois fils, Lothaire, Charles et Louis ?",Charlemagne
Comment appelle-t-on le procédé de Léonard de Vinci qui consiste à peindre une partie de la scène d'un tableau dans un flou artistique qui ressemble à une vapeur couvrant le paysage ?,Le sfumato
"Quel peintre néerlandais né à Delft a réalisé entre autres La Dentellière, La Laitière et La jeune fille à la perle?",Johannes VERMEER
Quel peintre américain d'origine haïtienne ayant étudié en France a dessiné et colorié avec une grande précision Les Oiseaux d'Amérique ?,Jean-Jacques AUDUBON
À quel sculpteur et architecture italien baroque doit-on la place St-Pierre de Rome ainsi que la sculpture L’Extase de Ste-Thérèse ?,Le Bernin ou Bernini
"Dans le studio de quel photographe, de son vrai nom Félix Tournachon, a eu lieu la première exposition des impressionnistes, en 1874?",Nadar
Dans quel sport olympique les arbitres sont-ils tenus de parler français lors de compétitions internationales?,Escrime
"Aux Jeux paralympiques, à quels handicapés est réservé le cyclisme en tandem?","Handicapés visuels (accepter toutes réponses similaires, aveugle, etc.)"
"À quelle œuvre de Shakespeare associez vous les personnages de Puck, Thésée, Bottom et Titania?",A Midsummer’s Night Dream ou Songe d’une Nuit d'Été
"Quel auteur existentialiste français du 20e siècle, auteur de La Nausée et de la pièce Huis-Clos décline le Prix Nobel de littérature en 1964?",Jean-Paul Sartre
"Quel réalisateur mexicain a réalisé le 3e volet de la série Harry Potter, le film Gravity (2013) et Y tu Mama Tambien (2001)",Alfonso CUARON
Dans quel pays porte-t-on comme vêtement le sarong?,Malaisie
Quelles deux chambres composent le Congrès américain?,Les sénat et la chambre des représentants
Quel groupe fut patronné par Andy Warhol et mené par Lou Reed?,Velvet Underground
Quel terme désigne l'ensemble des os de la paume humaine ?,Métacarpe
"Quel objet de couleur rouge relie, depuis le 30 août 1963, les villes de Washington D.C. et Moscou ?",Téléphone
Complétez le proverbe suivant : « Les beaux esprits se… «,rencontrent
Quel est le gentilé d’une personne qui réside en Ouzbékistan?,Un Ouzbek
Dans quel pays de l'Ouest de l'Afrique la ville de Tombouctou est-elle située?,Mali
"À la frontière de quels deux pays d'Amérique du Sud, le lac Titicaca est-il situé?",Pérou et Bolivie
"D'une longueur de 1287 km, quelle faille marque la zone de transformation entre la plaque du Pacifique et de la Nord-américaine et a déjà causé des tremblements de terre majeurs à San Francisco dont un célèbre en 1906?",San Andreas
"Dans quel pays sont lancées les fusées russes, notamment celles qui transportent les « touristes de l'espace »?",Kazakhstan
Quelle est la formule chimique de l'ammoniac ?,NH3
"Quel compositeur français a signé l’Opéra Samson et Dalila, ainsi que les pièces La Danse Macabre et Le Carnaval des Animaux ?",Camille Saint-Saëns
Qui est l’actuel chef d’orchestre de l’OSM?, R : Rafael Payare
Quel château de Paris était la résidence des rois de France avant le déménagement de la cour à Versailles sous le règne de Louis XIV?, R. : Le Louvre
"En 1959, quel dictateur Fidel Castro chasse-t-il du pouvoir après trois ans de guérilla ?",Fulgencio BATISTA
"Quel organisme avait été crée au lendemain de la Première Guerre mondiale, pour être remplacé en faveur de L’organisation des Nations Unies, suite à la Seconde Guerre mondiale?",La Société des Nations
Comment se nommait le programme anticommuniste mis sur pied aux États-Unis dans les années 50?,Maccarthysme ou Containment (accepter endiguement du communisme)
À quel parti politique étaient rattachés Daniel Johnson père et Paul Sauvé ?,Union Nationale
"Dans la célèbre toile de Francisco Goya exposée au musée du Prado, quel dieu romain est représenté en train de dévorer un de ses enfants?",Saturne
"À quel mouvement du 18e siècle, dérivé extrême du courant baroque, associez-vous des artistes français Jean-Antoine Watteau, Français Boucher et Jean-Honoré Fragonard?",Rococo
Dans quel musée de Londres est exposé la pierre de Rosette?,Le British Museum
À quel peintre doit-on un Portrait d'Aristide Bruant ainsi que la toile La Goulue du Moulin Rouge  ?,Henri de Toulouse-Lautrec
Dans quelle ville de Suisse se sont déroulés les Jeux olympiques d'hiver de 1928 ?,St-Moritz
"Avant le stade Saputo, où étaient présenté les  matchs à domicile de l'Impact de Montréal?",Centre Claude Robillard
Dans quel pays est basée la compagnie aérienne Air Lufthansa?,Allemagne
"Quel roman de Jane Austen raconte la vie des sœurs Bennet, dont Elizabeth, qui vivra une histoire d’amour avec Mr. Darcy?",Pride and Prejudice (Orgueil et Préjugés)
"Georges Rémi est le véritable nom de quel bédéiste belge, à qui l’on doit les Aventures de Tintin",Hergé
George Milton et Lenny Small sont les personnages principaux de quel roman de John Steinbeck ?,Des souris et des hommes (Of Mice and Men)
"Quel couple, accusé de douze meurtres, interprété au cinéma par Warren Beatty et Faye Dunaway?",Bonnie and Clyde
"Quel réalisateur québécois est à la barre de la suite de Blade Runner, qui sortira en 2017?",Denis Villeneuve
Dans quel film de 1961 un personnage interprété par Audrey Hepburn possède-t-elle un chat nommé « chat »,Breakfast at Tiffany's ou Diamants sur canapé
"Bien qu’on l’appelle la Boite noire, de quelle couleur est réellement le dispositif qui enregistre les informations d’un vol situé dans un avion?",Orange
"Quel paquebot transatlantique, propriété de la White Star Line,  fait l’objet d’un célèbre naufrage dans la nuit du 14 au 15 avril 1912?",Le Titanic
"Qui, en plus d’être le second président des États-Unis a également été le premier président à vivre à la maison Blanche?",John Adams
De quoi à peur un apiphobe?,Des abeilles
Quel bactériologiste écossais découvre la pénicilline?,Alexander FLEMING
Qui a peint l'œuvre intitulée l'École d'Athènes?,Raphaël
Quelle est la capitale du Nicaragua ?,Managua
À quelle date (jour/mois/année) eut lieu la prise de la Bastille ?,14 juillet 1789
"Quel français partagea avec Pierre et Marie Curie, en 1903, le prix Nobel de physique?",Henri Becquerel
Dans quelle base militaire le gouvernement américain entrepose-t-il ses réserves d’or?,Fort Knox
Que signifie le préfixe chiro comme dans chiropractie ou chiromancie?,Main
Que signifie la racine grecque amphi- dans amphithéâtre ?,Autour
À quel pays rattachez-vous le peuple magyar?,Hongrie
Dans quel pays devez-vous vous rendre pour apercevoir Ayer's Rock?,Australie
"Dans quel état américain situez-vous le Grand Lac Salé, près duquel se situe la ville de Salt Lake City?",en Utah
À quel inventeur doit-on les torpilles et le premier sous-marin?,Robert FULTON
Qui était le bassiste et chanteur du groupe The Police?,Sting
De quel pays la Dessalinienne est-elle l’Hymne national?,Haïti
À quel compositeur russe doit-on le poème Une Nuit sur le mont chauve et l’opéra Boris Godounov?,Modeste Moussorgski
"Chez les Romains, quel dieu a comme attribut l’aigle et le foudre, en plus de régner sur le ciel et la Terre?", R. : Jupiter
Nommez les deux créateurs (scénariste ou dessinateur) des bandes-dessinées Astérix ?, R. : René GOSCINNY et Albert UDERZO
À quel premier ministre canadien associez-vous le scandale du Canadien-Pacifique ?,John A. Macdonald
Quelle fut la première communauté de religieuses non cloîtrées fondée par Marguerite Bourgeoys?,La Congrégation Notre-Dame
Quel peuple est la cible d’un génocide perpétré par un groupe appelé les « Jeunes Turcs » entre 1915 et 1923?,Le peuple arménien
Qui fut le premier évêque catholique de la Nouvelle-France entre 1674 à 1685 ?,François de MONTMORENCY LAVAL
"Quel terme désigne la pierre qui permet de maintenir en place un ensemble d'éléments architecturaux, comme nous l'a appris Dan Brown dans le Da Vinci Code?",Clef de voûte
"Quel courant artistique dont le chef de file est André Breton, s’inspire de l’inconscient et de la psychanalyse, comme l’a montré  Salvador Dali dans ses œuvres?",Surréalisme
Quel artiste du 19e siècle est notamment reconnu pour ses toiles impressionnistes représentant des ballerines?,Edgar DEGAS
"Quelle activité, permettant le vol libre, consiste à s'élancer du haut d'une montagne avec un parachute de forme très étroite et allongée?",Parapente
"Dans quelle ville Jesse Owens s’est-il illustré à la course à pied, lors des Jeux Olympiques de 1936?",Berlin
"Dans quelle ville américaine a été fondée la chaine de salon de café Starbucks, en 1971?",Seattle
"Quelle pièce de Molière raconte l’histoire d’Argan qui se croit constamment mourant sans vraiment l’être, est en fait une satire concernant les médecins?",Le Malade Imaginaire
"À la suite d'un récit, comment appelle-t-on un court texte qui raconte rapidement ce qui s'est passé après les faits racontés précédemment?",Épilogue
À quel couturier français associez-vous les parfums Paris et Opium?,Yves Saint-Laurent
"Quel était le premier film de Xavier Dolan, datant de 2009?",J'ai tué ma mère
"Dans quelle région d’Asie se trouve la ville la plus froide du monde, Oymyakon?", R : Sibérie
"Dans quelle guerre ont combattu Patrocle, Hector, Ulysse et Achile?",La guerre de Troie
"De quelle agence fédérale américaine J. Edgar Hoover fut –il le premier directeur, soit entre 1924 et 1972 ?",FBI
"Assassiné en 1918, qui fut le dernier Tsar de Russie?",Nicolas II
Quel oiseau est encore utilisé pour la chasse dans certains pays arabes?,Faucon








































































